,1111,1112,1121,1122,1211,1212,1221,1222,2111,2112,2121,2122,2211,2212,2221,2222,
sp|P00550|PTM3C_ECOLI,16,13,11,10,7,3,4,5,12,2,3,6,8,3,3,0,1
sp|P03004|DNAA_ECOLI,16,7,14,3,7,4,4,0,9,3,3,0,5,1,2,0,1
sp|P04395|3MG2_ECOLI,5,5,6,2,10,3,2,1,5,3,2,0,1,1,1,0,1
sp|P0A8H3|ZUPT_ECOLI,3,4,3,3,3,2,4,2,3,2,5,5,0,1,2,1,1
sp|P0AAD8|TDCC_ECOLI,5,6,5,9,7,3,3,3,5,4,5,4,2,5,1,7,1
sp|P0ABI4|CORA_ECOLI,6,6,5,4,5,4,0,1,4,6,1,2,5,2,1,1,1
sp|P0AD99|BRNQ_ECOLI,8,7,5,5,7,2,3,3,7,4,7,4,4,1,3,3,1
sp|P0AFJ7|PITA_ECOLI,9,11,8,7,6,7,5,3,8,3,2,1,5,5,2,1,1
sp|P0AFR2|DAUA_ECOLI,9,5,6,8,9,5,8,0,4,14,8,4,4,5,1,3,1
sp|P0AGE4|SSTT_ECOLI,11,4,7,2,3,5,3,5,8,4,2,6,1,3,2,3,1
sp|P24177|ACRD_ECOLI,31,20,17,3,15,9,8,10,8,15,11,4,10,3,5,4,1
sp|P46136|YDDG_ECOLI,5,4,5,0,2,2,5,2,4,6,2,5,1,3,2,1,1
sp|P69423|TATC_ECOLI,5,2,1,4,0,3,4,5,1,1,5,2,1,4,3,2,1
sp|P69786|PTGCB_ECOLI,9,7,7,4,9,6,5,4,6,6,5,2,4,1,4,0,1
sp|P69797|PTNAB_ECOLI,11,3,7,2,6,0,1,2,10,2,3,1,3,1,1,1,1
sp|P76630|YGAZ_ECOLI,3,5,3,6,4,3,0,4,3,1,4,0,3,0,2,0,1
sp|A1A5B4|ANO9_HUMAN,15,12,6,10,15,6,12,6,13,5,3,10,5,5,6,1,1
sp|O00341|EAA5_HUMAN,13,10,5,2,6,4,3,8,15,3,3,3,10,4,1,3,1
sp|O14804|TAAR5_HUMAN,5,5,4,7,3,4,3,4,2,2,3,1,3,5,3,2,1
sp|O14979|HNRDL_HUMAN,24,7,12,0,5,0,3,0,6,5,1,0,4,1,1,1,1
sp|O15400|STX7_HUMAN,6,9,3,2,9,0,2,2,5,2,2,0,0,0,0,1,1
sp|O43663|PRC1_HUMAN,23,8,12,3,14,3,7,0,15,4,5,1,4,2,2,0,1
sp|O60669|MOT2_HUMAN,10,8,4,3,7,4,8,4,7,7,3,6,5,1,1,2,1
sp|O75387|LAT3_HUMAN,14,6,6,6,9,3,5,4,11,7,6,3,3,2,5,3,1
sp|O75821|EIF3G_HUMAN,18,4,8,1,9,1,1,1,2,5,2,1,0,0,0,0,1
sp|O94811|TPPP_HUMAN,13,2,3,1,4,0,0,1,5,3,2,1,1,0,0,0,1
sp|O95232|LC7L3_HUMAN,36,6,5,1,6,1,3,0,7,0,1,0,3,1,2,0,1
sp|P04920|B3A2_HUMAN,57,17,18,7,17,7,10,5,18,7,6,6,12,7,7,6,1
sp|P12314|FCGR1_HUMAN,19,4,4,2,4,2,2,3,6,0,3,3,4,0,3,3,1
sp|P14866|HNRPL_HUMAN,32,15,7,6,5,3,2,2,8,1,5,2,5,4,1,0,1
sp|P31943|HNRH1_HUMAN,19,8,12,1,7,3,2,0,7,3,7,2,1,1,2,0,1
sp|P47813|IF1AX_HUMAN,7,1,2,1,1,1,1,1,5,2,1,0,0,0,1,0,1
sp|P55017|S12A3_HUMAN,27,16,26,6,14,6,10,3,13,8,9,5,10,8,6,3,1
sp|P62995|TRA2B_HUMAN,23,4,5,0,4,1,1,1,4,0,1,0,3,0,0,1,1
sp|Q04323|UBXN1_HUMAN,23,5,1,0,9,1,2,1,1,2,1,0,1,0,2,0,1
sp|Q0JRZ9|FCHO2_HUMAN,39,9,18,4,15,4,5,1,10,11,9,1,5,1,3,0,1
sp|Q12934|BFSP1_HUMAN,29,7,16,4,16,2,7,1,13,5,3,1,7,0,0,0,1
sp|Q13190|STX5_HUMAN,10,11,9,1,4,0,1,0,7,4,1,2,5,1,1,2,1
sp|Q13257|MD2L1_HUMAN,5,2,2,1,2,1,1,0,5,3,5,2,2,1,1,1,1
sp|Q13325|IFIT5_HUMAN,13,4,6,3,10,7,4,0,10,7,8,1,4,2,1,0,1
sp|Q13336|UT1_HUMAN,4,9,4,8,7,4,2,0,5,2,2,2,4,7,2,3,1
sp|Q13651|I10R1_HUMAN,24,8,10,0,11,3,3,4,13,3,4,2,7,3,1,0,1
sp|Q15386|UBE3C_HUMAN,29,16,16,13,8,12,12,8,14,7,9,5,13,7,6,5,1
sp|Q15560|TCEA2_HUMAN,13,6,6,0,7,2,0,0,3,6,3,0,4,0,0,0,1
sp|Q495M3|S36A2_HUMAN,8,6,2,2,5,3,6,5,10,5,8,5,7,2,4,2,1
sp|Q5VZL5|ZMYM4_HUMAN,61,27,17,16,35,10,7,2,34,13,16,3,8,4,4,1,1
sp|Q86WV1|SKAP1_HUMAN,18,7,4,2,7,1,7,0,3,3,2,3,2,0,0,1,1
sp|Q8N697|S15A4_HUMAN,17,7,9,7,7,2,8,1,6,5,4,4,8,4,3,4,1
sp|Q8NCR0|B3GL2_HUMAN,12,4,6,6,7,1,4,5,10,8,8,3,4,0,5,0,1
sp|Q8NDV3|SMC1B_HUMAN,40,21,30,8,30,6,13,4,23,12,5,4,8,1,1,0,1
sp|Q8WWY3|PRP31_HUMAN,18,10,6,6,9,3,3,2,12,6,3,2,2,0,1,0,1
sp|Q969I6|S38A4_HUMAN,11,6,9,7,6,5,1,5,6,9,6,7,3,1,3,6,1
sp|Q9C0H2|TTYH3_HUMAN,15,7,13,2,5,4,2,0,10,6,5,6,6,2,2,2,1
sp|Q9GZU1|MCLN1_HUMAN,21,3,7,4,7,3,5,4,9,5,10,4,5,2,5,3,1
sp|Q9H1B5|XYLT2_HUMAN,36,19,14,8,16,2,7,1,10,8,5,3,7,4,4,0,1
sp|Q9H270|VPS11_HUMAN,35,17,11,7,9,9,11,2,14,17,7,3,8,3,2,2,1
sp|Q9H2J7|S6A15_HUMAN,10,16,10,7,12,9,7,5,7,2,7,4,7,8,5,6,1
sp|Q9H492|MLP3A_HUMAN,3,3,0,1,2,1,1,0,6,0,0,1,0,0,0,2,1
sp|Q9HBJ8|CLTRN_HUMAN,6,6,7,1,1,3,1,1,2,1,1,1,2,0,3,1,1
sp|Q9NRA2|S17A5_HUMAN,7,9,9,4,8,5,4,3,7,4,6,3,6,3,2,2,1
sp|Q9NWQ8|PHAG1_HUMAN,25,5,11,0,7,1,4,2,6,4,2,1,4,0,0,0,1
sp|Q9NY26|S39A1_HUMAN,5,9,7,2,5,2,1,1,1,4,5,3,1,2,1,5,1
sp|Q9UJ71|CLC4K_HUMAN,14,6,3,4,6,2,3,2,3,2,2,4,3,0,1,0,1
sp|Q9Y6Y9|LY96_HUMAN,8,3,1,1,1,2,2,1,0,2,1,1,0,2,1,1,1
sp|A2A5Z6|SMUF2_MOUSE,22,12,11,7,13,3,10,2,21,2,6,1,9,2,3,1,1
sp|A2AHC3|CAMP1_MOUSE,91,25,18,9,31,8,13,3,27,12,7,2,8,6,1,2,1
sp|A2RSY1|KANL3_MOUSE,42,14,12,14,17,4,4,0,17,6,8,2,6,1,3,0,1
sp|P04919|B3AT_MOUSE,28,7,12,9,8,6,10,7,10,10,7,4,15,11,5,6,1
sp|P43274|H14_MOUSE,24,1,2,2,3,1,0,0,2,0,0,0,1,0,0,0,1
sp|P47873|IL11_MOUSE,5,1,5,2,3,1,4,0,1,3,3,0,2,0,2,1,1
sp|P58735|S26A1_MOUSE,15,7,13,7,11,4,9,3,12,6,5,3,10,3,7,2,1
sp|P60330|ESPL1_MOUSE,72,44,35,19,34,13,16,4,33,26,17,6,16,3,12,3,1
sp|P70279|SURF6_MOUSE,26,6,5,1,6,1,2,0,8,1,1,0,1,1,0,0,1
sp|Q14AT5|ANO7_MOUSE,27,10,14,7,13,4,4,6,10,8,5,8,8,11,5,3,1
sp|Q5ISE2|Z36L3_MOUSE,30,9,26,4,24,5,2,0,11,2,5,0,2,0,1,0,1
sp|Q61545|EWS_MOUSE,45,16,15,0,8,2,1,1,10,3,3,1,3,1,0,0,1
sp|Q62193|RFA2_MOUSE,9,1,8,4,9,1,3,0,5,0,0,1,3,1,0,0,1
sp|Q62376|RU17_MOUSE,43,5,6,3,1,4,2,1,6,2,0,1,0,1,0,0,1
sp|Q67BT3|S13A5_MOUSE,12,9,5,8,6,8,3,4,7,5,8,3,4,4,5,4,1
sp|Q6A028|SWP70_MOUSE,12,13,9,5,13,8,1,1,12,7,4,1,7,2,2,0,1
sp|Q6NVG1|LPCT4_MOUSE,19,5,9,4,2,6,7,1,8,6,4,1,6,2,6,1,1
sp|Q6Q473|CLA4A_MOUSE,32,16,17,10,12,4,9,4,19,6,8,1,7,3,3,3,1
sp|Q78KK3|S22AI_MOUSE,6,4,7,3,6,5,4,6,5,3,4,6,2,2,4,1,1
sp|Q7TPS5|C2CD5_MOUSE,39,16,10,10,15,10,11,6,18,9,9,4,7,5,0,0,1
sp|Q8BIF2|RFOX3_MOUSE,16,3,8,1,8,2,2,0,10,7,3,0,1,1,0,0,1
sp|Q8BL66|EEA1_MOUSE,70,24,37,7,34,5,7,1,26,10,5,3,6,0,0,0,1
sp|Q8C0L6|PAOX_MOUSE,18,8,11,9,5,3,4,2,12,0,4,4,1,3,0,0,1
sp|Q8JZQ9|EIF3B_MOUSE,41,19,9,5,8,6,5,2,11,2,5,4,10,4,2,1,1
sp|Q8JZX4|SPF45_MOUSE,21,5,5,3,7,1,5,2,4,2,5,1,4,1,1,0,1
sp|Q8K273|MMGT1_MOUSE,4,3,2,2,0,0,2,0,2,2,3,1,0,0,1,0,1
sp|Q91Z92|B3GT6_MOUSE,13,6,2,1,5,3,3,1,5,1,2,3,2,4,2,1,1
sp|Q920F6|SMC1B_MOUSE,41,24,27,6,25,10,9,3,27,13,4,3,8,2,4,2,1
sp|Q9CZA6|NDE1_MOUSE,15,9,7,2,9,1,1,0,7,1,3,0,1,0,1,0,1
sp|Q9D7P7|CLIC3_MOUSE,4,1,7,1,5,3,4,0,6,3,0,2,2,0,0,1,1
sp|Q9EPL0|XYLT2_MOUSE,35,19,15,8,14,3,6,2,10,8,6,3,7,4,4,0,1
sp|Q9EQ32|BCAP_MOUSE,34,13,20,6,11,2,9,1,17,5,2,3,8,1,1,2,1
sp|Q9ESD7|DYSF_MOUSE,58,45,34,22,31,11,19,10,43,25,13,9,10,8,4,6,1
sp|Q9JLJ4|ELOV2_MOUSE,2,4,1,3,2,3,3,1,7,3,2,3,5,2,5,3,1
sp|Q9QXW9|LAT2_MOUSE,14,8,7,6,5,6,5,1,6,5,4,7,4,4,2,4,1
sp|Q9R0Y1|ASIC5_MOUSE,12,5,6,5,8,5,7,1,10,4,3,4,4,4,1,3,1
sp|Q9WV06|ANKR2_MOUSE,16,7,5,1,5,1,0,0,5,3,2,6,3,1,0,0,1
sp|Q9Z0F3|B2L10_MOUSE,4,3,1,1,2,2,1,1,7,2,1,1,3,0,1,2,1
sp|Q9Z2E2|MBD1_MOUSE,43,11,10,3,9,6,5,2,9,1,3,0,3,1,0,0,1
sp|P00724|INV2_YEAST,15,11,8,4,5,6,3,2,12,5,7,3,2,1,3,2,1
sp|P06103|EIF3B_YEAST,15,9,18,9,16,6,7,3,12,8,5,3,8,5,3,0,1
sp|P11655|SEC12_YEAST,13,12,10,3,7,5,3,3,5,5,4,2,2,1,2,1,1
sp|P11709|BIK1_YEAST,22,7,5,2,8,3,5,1,6,9,2,1,0,1,1,0,1
sp|P15380|PUT4_YEAST,17,10,7,7,5,4,5,4,15,7,3,5,2,7,4,2,1
sp|P19807|HNM1_YEAST,12,14,9,3,5,4,6,3,10,10,5,2,1,6,2,2,1
sp|P23585|HXT2_YEAST,8,7,12,4,10,7,5,7,5,7,2,4,1,3,5,3,1
sp|P25043|PSB2_YEAST,11,3,4,3,2,2,4,1,4,2,2,1,2,1,1,0,1
sp|P25046|MED19_YEAST,11,7,5,1,2,1,0,1,4,1,1,0,1,1,0,1,1
sp|P25336|MSH3_YEAST,32,10,17,2,21,8,13,5,19,15,8,3,11,2,4,0,1
sp|P25582|SPB1_YEAST,42,18,12,2,11,1,6,1,16,9,6,3,7,3,2,1,1
sp|P31381|FUN26_YEAST,14,10,6,3,4,4,4,6,5,9,4,2,3,5,3,4,1
sp|P31755|OCH1_YEAST,15,12,5,3,9,6,4,2,8,3,4,2,4,1,1,1,1
sp|P32332|OAC1_YEAST,4,4,5,1,6,2,7,1,8,3,4,1,4,1,3,0,1
sp|P32368|SAC1_YEAST,16,13,7,7,11,3,2,8,15,4,2,5,4,3,4,0,1
sp|P32585|MED18_YEAST,12,5,3,2,8,3,1,2,2,4,2,0,4,3,0,0,1
sp|P32623|CRH2_YEAST,25,6,6,7,8,3,4,0,8,0,3,3,1,2,1,1,1
sp|P32629|ANP1_YEAST,18,6,8,4,4,6,7,2,4,9,5,3,4,1,1,1,1
sp|P32901|PTR2_YEAST,12,9,8,1,8,7,4,4,9,9,6,5,11,1,1,5,1
sp|P33334|PRP8_YEAST,60,45,51,22,32,14,19,9,46,23,19,13,26,9,12,2,1
sp|P36062|AVT3_YEAST,24,8,14,5,10,5,1,0,13,5,6,5,5,7,4,3,1
sp|P36160|RPF2_YEAST,14,7,8,2,6,2,3,2,2,4,1,1,1,2,2,0,1
sp|P38624|PSB1_YEAST,5,6,3,1,5,3,1,3,5,1,1,0,0,0,1,1,1
sp|P40074|AVT6_YEAST,7,7,6,7,3,7,2,4,6,3,4,5,5,5,1,3,1
sp|P42839|VNX1_YEAST,25,10,18,6,13,7,10,9,13,4,6,5,10,7,5,3,1
sp|P47176|BCA2_YEAST,12,7,7,2,7,1,4,0,10,4,2,2,3,0,1,1,1
sp|P53769|CWC24_YEAST,16,4,3,2,3,2,0,1,8,0,1,0,3,0,0,0,1
sp|Q02486|ABF2_YEAST,5,4,1,3,3,0,4,1,4,2,1,0,2,0,0,0,1
sp|Q04067|EIF3G_YEAST,13,5,8,1,3,0,1,0,4,3,2,3,1,1,1,0,1
sp|Q05998|THI7_YEAST,16,5,8,5,5,9,11,4,9,2,6,6,5,5,3,1,1
sp|Q06106|MRD1_YEAST,42,15,11,6,17,7,4,1,17,13,5,1,4,4,1,0,1
sp|Q07824|TPO1_YEAST,13,7,6,7,11,10,6,5,5,6,2,4,5,2,6,3,1
sp|Q00539|NAM8_YEAST,18,10,6,7,9,4,4,5,14,0,2,1,6,1,0,0,1
sp|P30041|PRDX6_HUMAN,4,0,3,1,3,3,3,0,9,5,1,1,0,1,1,2,0
sp|P06733|ENOA_HUMAN,13,6,7,5,10,6,4,0,7,1,3,2,3,3,2,0,0
sp|P13716|HEM2_HUMAN,8,1,4,1,8,2,7,3,8,7,3,0,0,1,2,0,0
sp|P09960|LKHA4_HUMAN,14,12,6,5,14,7,4,2,17,4,6,0,5,2,2,2,0
sp|O60568|PLOD3_HUMAN,21,22,8,7,14,4,7,3,10,7,1,3,8,4,4,0,0
sp|P00558|PGK1_HUMAN,13,14,6,1,6,6,1,2,5,3,5,0,6,0,1,0,0
sp|P19971|TYPH_HUMAN,25,8,4,7,10,2,1,3,8,2,1,2,4,0,2,1,0
sp|P47992|XCL1_HUMAN,3,3,2,0,4,1,2,0,1,2,0,1,0,0,0,0,0
sp|P15336|ATF2_HUMAN,28,6,11,5,7,1,5,0,9,2,5,0,4,0,1,0,0
sp|P32856|STX2_HUMAN,10,5,3,1,5,5,3,2,4,4,0,0,4,1,0,1,0
sp|P27797|CALR_HUMAN,20,5,8,3,5,4,3,1,8,0,1,0,5,2,4,0,0
sp|P28482|MK01_HUMAN,13,3,3,2,7,1,2,2,6,4,5,1,10,1,0,0,0
sp|P40429|RL13A_HUMAN,6,5,4,6,2,0,1,0,2,2,3,1,0,0,2,0,0
sp|P07814|SYEP_HUMAN,49,27,24,15,40,10,12,4,24,11,14,5,13,3,0,1,0
sp|P62277|RS13_HUMAN,6,3,3,0,3,1,3,0,0,1,1,0,1,2,0,1,0
sp|P62913|RL11_HUMAN,2,1,6,1,4,4,0,0,6,0,3,1,2,0,0,0,0
sp|P46777|RL5_HUMAN,6,4,9,2,5,1,0,0,7,4,1,2,6,0,2,0,0
sp|P62081|RS7_HUMAN,6,3,4,3,4,1,2,1,1,0,2,0,3,0,1,1,0
sp|P61254|RL26_HUMAN,3,2,1,0,5,0,0,1,5,1,3,1,1,0,0,1,0
sp|P19338|NUCL_HUMAN,62,14,9,0,11,1,3,1,6,1,3,2,2,3,0,0,0
sp|P62829|RL23_HUMAN,4,4,3,0,0,2,1,2,2,1,0,0,3,0,0,1,0
sp|Q9H211|CDT1_HUMAN,27,7,11,6,10,1,5,1,8,10,2,0,2,0,0,1,0
sp|P00374|DYR_HUMAN,3,4,1,0,5,5,2,3,1,2,0,1,4,0,0,0,0
sp|P34896|GLYC_HUMAN,15,9,8,4,6,4,4,3,10,5,6,1,5,0,0,0,0
sp|Q9NQX3|GEPH_HUMAN,32,9,12,3,11,5,8,2,18,3,4,4,6,2,2,2,0
sp|P21399|ACOC_HUMAN,17,11,14,11,18,9,8,5,15,10,7,7,8,3,5,0,0
sp|Q9P2J5|SYLC_HUMAN,33,20,22,7,19,9,8,6,27,14,8,5,6,4,5,3,0
sp|P47897|SYQ_HUMAN,26,12,13,4,14,9,11,0,10,2,11,3,8,1,5,0,0
sp|P23381|SYWC_HUMAN,21,9,2,4,8,5,6,0,9,4,4,2,1,1,2,0,0
sp|Q8N3Y7|RDHE2_HUMAN,7,5,3,2,4,1,6,2,4,5,1,0,2,3,4,2,0
sp|P02730|B3AT_HUMAN,23,8,15,8,13,6,9,6,10,8,6,6,11,8,9,6,0
sp|Q9Y3E5|PTH2_HUMAN,8,2,2,1,1,2,2,1,3,2,2,2,0,1,0,1,0
sp|P13569|CFTR_HUMAN,29,22,24,16,22,15,13,9,29,14,7,12,12,10,7,6,0
sp|P08183|MDR1_HUMAN,33,21,23,11,15,11,10,12,23,9,11,4,11,8,5,6,0
sp|P62263|RS14_HUMAN,7,2,5,3,4,0,1,0,3,0,0,0,0,0,0,0,0
sp|Q7L0Y3|TM10C_HUMAN,10,7,5,3,9,2,2,1,7,5,6,4,3,1,2,0,0
sp|P49407|ARRB1_HUMAN,18,8,6,2,3,3,3,2,7,3,8,4,1,1,1,0,0
sp|Q13492|PICAL_HUMAN,20,12,10,6,15,3,6,2,12,8,4,2,5,1,1,2,0
sp|P27487|DPP4_HUMAN,22,15,12,4,12,6,10,4,14,8,7,2,4,2,4,2,0
sp|Q14152|EIF3A_HUMAN,91,15,24,6,27,6,9,3,19,12,4,1,9,3,1,0,0
sp|Q04637|IF4G1_HUMAN,83,27,29,11,30,5,14,4,23,14,7,1,11,2,5,0,0
sp|O15371|EIF3D_HUMAN,22,6,13,1,10,7,5,2,9,4,4,3,5,0,0,0,0
sp|O75821|EIF3G_HUMAN,18,4,8,1,9,1,1,1,2,5,2,1,0,0,0,0,0
sp|P13639|EF2_HUMAN,23,9,13,10,14,7,8,2,17,12,7,2,9,5,3,2,0
sp|Q13825|AUHM_HUMAN,13,9,4,0,3,6,4,1,5,3,0,1,4,2,1,0,0
sp|P42566|EPS15_HUMAN,35,15,17,5,15,5,6,3,23,10,4,1,8,1,1,0,0
sp|P09467|F16P1_HUMAN,12,4,4,4,5,1,0,3,13,4,0,0,3,3,0,0,0
sp|P21266|GSTM3_HUMAN,5,0,7,1,5,0,3,0,3,2,4,1,4,1,1,0,0
sp|P41250|GARS_HUMAN,16,16,13,9,20,5,8,1,14,4,5,0,7,1,3,1,0
sp|P55084|ECHB_HUMAN,13,9,9,3,7,3,6,1,12,7,3,1,2,1,2,0,0
sp|Q9H8X2|IPPK_HUMAN,18,6,8,5,7,4,5,1,10,8,4,0,3,3,0,0,0
sp|Q5BJF6|ODFP2_HUMAN,38,13,21,8,17,3,4,0,17,7,3,0,5,0,1,1,0
sp|Q9H307|PININ_HUMAN,66,3,5,5,12,5,7,0,6,2,3,0,2,2,0,1,0
sp|P14618|KPYM_HUMAN,21,11,9,2,9,6,2,2,9,4,3,1,6,1,2,0,0
sp|P26639|SYTC_HUMAN,22,11,13,6,21,4,3,4,12,6,6,4,5,1,1,1,0
sp|P60174|TPIS_HUMAN,11,7,7,2,3,1,3,2,4,0,1,0,4,3,0,0,0
sp|P45880|VDAC2_HUMAN,9,6,9,1,6,10,0,0,2,1,2,0,1,2,0,0,0
sp|Q9CW03|SMC3_MOUSE,43,26,30,9,26,3,5,3,23,10,8,4,7,2,4,0,0
sp|P06745|G6PI_MOUSE,20,9,11,7,8,1,8,0,11,5,1,0,5,3,1,3,0
sp|P43274|H14_MOUSE,24,1,2,2,3,1,0,0,2,0,0,0,1,0,0,0,0
sp|P35846|FOLR1_MOUSE,12,6,4,0,3,2,4,1,1,3,0,1,1,3,0,1,0
sp|P31230|AIMP1_MOUSE,13,7,7,2,7,1,1,1,5,2,0,0,5,0,0,1,0
sp|Q8R010|AIMP2_MOUSE,10,6,5,5,5,2,5,1,3,1,4,2,1,2,1,0,0
sp|Q9D1M4|MCA3_MOUSE,5,4,1,1,3,1,2,0,3,2,0,1,2,2,2,0,0
sp|P42227|STAT3_MOUSE,25,14,14,9,16,4,11,1,6,8,6,3,8,1,2,0,0
sp|P34960|MMP12_MOUSE,10,7,9,4,10,3,6,4,7,6,3,1,4,0,3,2,0
sp|P17710|HXK1_MOUSE,27,10,20,9,12,7,9,4,25,8,12,2,10,5,2,0,0
sp|Q9EQQ9|OGA_MOUSE,30,13,11,15,11,3,17,2,16,9,7,1,11,1,6,0,0
sp|P61459|PHS_RAT,2,2,1,0,3,1,0,0,4,1,1,1,1,0,0,0,0
sp|P63159|HMGB1_RAT,20,0,4,0,2,0,0,0,5,2,0,0,2,0,1,0,0
sp|P17256|KIME_RAT,17,2,8,3,5,4,4,2,4,4,4,1,5,2,1,0,0
sp|Q5XIM7|SYK_RAT,20,12,11,5,10,7,5,1,10,5,9,2,4,1,1,1,0
sp|P07335|KCRB_RAT,12,3,8,5,8,1,2,1,10,2,4,2,3,1,1,0,0
sp|P08037|B4GT1_BOVIN,11,4,11,3,9,3,2,4,2,4,4,1,5,1,2,1,0
sp|P14755|CRYL1_RABIT,4,7,8,3,5,3,3,0,9,6,1,0,2,0,2,0,0
sp|P11415|QOR_CAVPO,10,4,6,4,7,3,4,4,3,3,2,0,4,1,0,0,0
sp|Q01217|ARG56_YEAST,21,17,23,9,13,7,8,3,14,11,5,2,5,5,1,0,0
sp|P23202|URE2_YEAST,13,4,7,2,4,3,2,1,6,3,7,0,5,2,0,0,0
sp|P03069|GCN4_YEAST,16,2,1,3,4,2,3,0,6,4,2,0,2,1,1,0,0
sp|P07250|IPMK_YEAST,12,4,3,7,4,5,4,1,9,2,1,2,1,1,2,1,0
sp|P38011|GBLP_YEAST,10,3,1,3,2,3,1,1,11,3,5,1,5,2,2,0,0
sp|P14120|RL30_YEAST,3,2,1,0,0,2,2,0,0,2,2,0,2,0,0,1,0
sp|P04807|HXKB_YEAST,10,11,13,3,8,1,3,4,8,7,6,3,0,4,0,0,0
sp|P00044|CYC1_YEAST,3,4,1,2,2,1,1,0,1,1,0,0,2,0,0,0,0
sp|P43593|UBP6_YEAST,18,7,6,6,12,2,3,1,9,4,4,2,6,2,1,0,0
sp|P28241|IDH2_YEAST,9,5,6,1,10,4,2,1,5,5,4,2,4,0,2,1,0
sp|P48570|HOSC_YEAST,11,9,8,2,15,4,3,0,5,4,4,1,4,1,0,0,0
sp|P14540|ALF_YEAST,15,7,7,6,5,1,3,1,7,1,3,1,1,1,1,0,0
sp|Q12309|CLF1_YEAST,14,8,16,8,6,4,9,1,13,10,5,2,7,8,1,2,0
sp|P06168|ILV5_YEAST,13,6,9,2,2,3,8,2,11,1,1,3,4,0,1,0,0
sp|P39533|ACON2_YEAST,33,10,17,6,15,4,5,2,11,7,7,2,9,3,0,0,0
sp|P00812|ARGI_YEAST,12,6,5,0,6,2,0,0,8,5,4,1,3,0,3,0,0
sp|P11325|SYLM_YEAST,29,13,10,6,24,6,6,4,11,4,10,5,10,1,8,2,0
sp|P36024|SIS2_YEAST,37,5,6,3,8,2,5,1,8,5,7,1,5,0,1,0,0
sp|Q08438|VHS3_YEAST,45,8,7,5,11,3,5,2,11,4,3,1,4,1,2,0,0
sp|P0CX45|RL2A_YEAST,11,8,4,5,4,1,1,0,3,1,1,0,1,0,1,1,0
sp|Q3E7X9|RS28A_YEAST,3,1,0,0,1,0,1,0,1,1,1,1,0,0,1,0,0
sp|P33421|SDH3_YEAST,2,5,2,2,4,4,0,2,3,3,1,0,3,1,1,0,0
sp|Q06559|RS3_DROME,7,1,3,2,6,4,3,2,6,0,3,0,3,0,1,0,0
sp|Q7JXV9|VPS25_DROME,6,2,3,2,3,1,0,1,2,1,1,3,1,2,0,1,0
sp|Q24314|VPS18_DROME,28,15,17,11,17,9,10,5,19,8,6,6,7,6,3,0,0
sp|Q9VU87|VPS36_DROME,13,10,4,5,8,4,1,2,8,5,0,2,0,1,3,0,0
sp|P19889|RLA0_DROME,15,3,8,0,3,4,2,0,9,2,1,2,1,0,3,0,0
sp|Q9V4S8|CSN7_DROME,12,3,1,3,7,3,1,0,6,2,1,1,3,1,2,0,0
tr|Q9VMB4|Q9VMB4_DROME,39,9,15,8,16,6,6,3,17,10,2,5,9,4,4,3,0
tr|Q9VD72|Q9VD72_DROME,5,2,7,3,3,4,2,1,5,3,3,1,2,1,0,0,0
sp|O13289|CATA_CANAL,16,9,11,8,9,2,2,0,12,6,0,2,3,0,0,1,0
sp|P82612|PMGY_CANAL,6,4,5,4,3,4,0,2,8,2,1,0,1,1,0,0,0
sp|Q9Y7F0|TSA1_CANAL,7,4,4,2,4,2,2,0,2,1,2,1,1,0,1,0,0
sp|P41911|GPD2_YEAST,9,9,8,4,8,5,5,0,12,2,3,1,1,3,2,1,0
sp|O74713|HGT1_CANAX,13,7,6,4,9,4,5,1,8,8,7,3,10,1,4,1,0
sp|Q93VT9|RL101_ARATH,6,4,6,2,5,1,0,1,4,3,3,1,1,0,0,0,0
sp|Q9ZVD5|AGO4_ARATH,43,18,12,6,9,9,7,1,14,13,5,1,7,4,4,1,0
sp|Q42525|HXK1_ARATH,16,12,4,7,6,4,3,1,10,7,3,2,4,4,0,0,0
sp|O04019|PS6AB_ARATH,13,8,8,3,11,0,3,2,8,5,2,3,1,3,0,0,0
sp|P11574|VATB1_ARATH,15,8,7,3,13,2,5,1,9,3,2,2,5,3,3,0,0
sp|P24058|ARLY2_ANAPL,8,8,13,3,10,1,3,1,7,7,7,2,6,1,0,1,0
sp|P13743|LDHB_ANAPL,9,3,4,1,7,3,6,1,7,5,2,1,1,3,0,2,0
sp|P03880|ANI1_EMEND,10,5,1,4,7,5,7,5,8,9,4,5,3,3,2,3,0
sp|Q28399|ALDH1_ELEED,15,13,9,4,7,4,3,2,7,5,5,1,6,1,1,0,0
sp|P45850|OXO1_HORVU,8,5,2,3,3,1,1,2,2,2,3,0,1,0,0,0,0
sp|Q12629|PDC1_KLULA,16,2,13,8,11,3,2,1,11,13,6,2,1,3,1,1,0
sp|P09608|GAL1_KLULA,18,9,10,2,4,6,5,4,9,4,5,2,3,0,3,0,0
sp|P61866|RL12_CAEEL,3,5,1,0,3,3,0,1,6,0,0,0,3,1,1,0,0
tr|Q383B2|Q383B2_TRYB2,15,7,7,5,7,4,3,0,6,3,3,0,3,1,0,0,0
tr|D5GCF2|D5GCF2_TUBMM,27,4,7,1,6,1,2,0,9,2,3,0,5,0,0,0,0
tr|D5G7U8|D5G7U8_TUBMM,12,2,7,2,2,2,4,0,0,2,2,0,4,4,1,1,0
tr|Q27089|Q27089_TRIVA,39,17,23,6,23,10,6,3,25,10,7,8,13,1,2,0,0
tr|Q27820|Q27820_TRIVA,9,8,5,5,6,4,2,1,6,3,2,0,3,3,1,0,0
tr|I7MG78|I7MG78_TETTS,14,3,9,5,8,2,6,0,9,11,2,1,3,4,1,1,0
sp|P17506|EF1A1_XENLA,16,9,8,5,4,4,4,1,8,6,4,1,3,1,2,1,0
sp|P50142|HSP60_AJECA,21,7,10,2,10,5,7,2,13,5,6,0,9,1,0,0,0
sp|Q8X1T3|PYC_PICAN,27,18,33,11,19,9,9,3,24,15,9,6,9,3,1,0,0
sp|Q92448|PFKA1_KOMPG,29,16,18,8,23,8,11,4,17,13,3,3,7,4,1,0,0
tr|Q95U89|Q95U89_LEIIN,5,5,4,1,5,1,5,0,1,1,3,1,3,2,0,1,0
tr|Q9I9A9|Q9I9A9_9SAUR,4,3,1,1,1,0,1,0,1,0,3,1,1,4,0,0,0
sp|P12063|SYYM_NEUCR,26,13,15,5,11,3,4,3,6,3,4,6,6,0,5,1,0
sp|P05979|PGH1_SHEEP,12,15,5,6,6,6,6,1,17,6,6,1,4,2,6,1,0
sp|P13922|DRTS_PLAFK,11,8,10,8,12,5,7,6,11,9,1,2,7,0,3,1,0
sp|Q75NZ0|SIR_PEA,22,10,10,6,17,3,1,2,12,10,7,3,6,2,3,0,0
sp|Q9UTI7|TYSY_SCHPO,17,10,10,3,15,5,5,1,10,8,3,4,11,0,1,1,0
sp|Q43155|GLTB_SPIOL,43,33,37,14,23,11,10,6,27,11,8,8,11,6,4,1,0
tr|Q9GLW8|Q9GLW8_PIG,5,2,4,2,2,2,2,0,3,1,0,0,1,1,1,1,0
sp|P0C0V0|DEGP_ECOLI,16,7,9,7,9,3,6,0,9,3,4,0,3,2,0,1,0
sp|P06709|BIRA_ECOLI,4,8,5,7,2,2,3,1,8,5,1,1,2,1,3,0,0
sp|P27302|TKT1_ECOLI,24,4,9,3,12,6,8,1,18,6,8,0,5,2,4,0,0
tr|Q8XDH4|Q8XDH4_ECO57,12,9,3,5,7,1,8,0,6,5,3,0,0,0,0,0,0
tr|D3QX74|D3QX74_ECOCB,3,1,1,0,5,0,1,0,3,2,1,0,2,1,0,1,0
sp|P60723|RL4_ECOLI,9,3,3,1,2,0,0,1,4,4,1,1,2,0,2,0,0
sp|P23256|MALY_ECOLI,6,9,3,5,10,1,2,0,6,8,4,1,6,3,0,1,0
sp|P0A7E9|PYRH_ECOLI,5,4,5,3,1,0,5,0,6,1,3,1,2,3,1,0,0
sp|P23872|AES_ECOLI,7,6,6,3,3,2,5,1,10,1,2,1,3,2,1,0,0
sp|P09546|PUTA_ECOLI,48,27,25,8,21,11,9,5,24,10,7,3,10,3,9,0,0
sp|P27278|NADR_ECOLI,10,5,8,6,7,0,4,1,9,4,4,1,5,2,2,0,0
sp|P68767|AMPA_ECOLI,19,15,3,3,10,3,8,0,6,4,2,2,4,2,1,2,0
sp|P69786|PTGCB_ECOLI,9,7,7,4,9,6,5,4,6,6,5,2,4,1,4,0,0
sp|P68187|MALK_ECOLI,9,7,5,2,10,3,2,1,7,5,3,0,3,1,2,2,0
sp|P76014|DHAL_ECOLI,10,4,2,2,2,1,1,0,2,2,2,1,4,0,2,0,0
sp|P00957|SYA_ECOLI,35,12,16,6,20,8,4,3,22,2,5,2,6,4,1,0,0
sp|P0A7L0|RL1_ECOLI,7,4,6,1,4,3,2,0,4,4,2,1,0,1,0,0,0
sp|P0A7V8|RS4_ECOLI,8,4,5,4,2,0,1,0,2,3,1,1,1,0,2,0,0
sp|P0A7W7|RS8_ECOLI,5,0,2,2,2,1,2,0,1,1,4,0,2,0,0,0,0
sp|P07017|MCP2_ECOLI,23,7,12,3,11,1,5,1,12,8,2,0,3,1,2,1,0
sp|P0ADY3|RL14_ECOLI,2,3,1,2,1,0,1,0,4,0,0,0,1,3,2,0,0
sp|P0A7J3|RL10_ECOLI,6,4,6,2,3,0,1,1,1,0,1,0,2,0,0,0,0
sp|P02359|RS7_ECOLI,7,2,4,0,2,2,1,0,3,2,3,1,2,0,1,0,0
sp|P24228|DACB_ECOLI,15,11,8,5,8,5,4,1,6,5,4,2,1,3,1,0,0
sp|P0A9Q7|ADHE_ECOLI,29,17,12,7,11,7,4,6,18,14,7,5,9,0,2,0,0
sp|P31658|HCHA_ECOLI,9,2,5,1,6,2,4,0,9,3,1,0,2,2,1,0,0
sp|P0DOB5|PFKA_LACLA,7,9,8,2,5,4,3,1,7,2,3,1,1,1,1,2,0
sp|Q07637|KPYK_LACLA,19,10,7,3,9,4,6,2,8,4,3,1,5,1,2,0,0
tr|K1MKZ7|K1MKZ7_9LACO,12,5,9,5,7,6,7,2,4,5,2,4,4,1,1,0,0
tr|D5GYN9|D5GYN9_LACCS,15,12,8,4,8,0,4,0,6,7,3,1,3,2,1,0,0
sp|P37887|CYSK_BACSU,11,6,5,1,8,2,3,1,4,3,0,1,2,2,2,0,0
sp|P39633|DHE2_BACSU,13,7,4,4,8,4,3,3,9,2,4,2,5,2,1,0,0
sp|P41007|PYRR_BACCL,3,6,5,0,3,1,0,0,4,1,4,0,1,0,2,0,0
tr|Q6HEJ4|Q6HEJ4_BACHK,17,7,7,5,7,1,7,0,6,3,2,2,3,3,1,0,0
sp|Q9KK62|CBH_BIFLN,4,4,5,1,8,3,3,1,12,4,4,0,3,1,0,0,0
tr|C2GUH0|C2GUH0_BIFLN,18,10,8,2,11,2,3,2,8,5,2,1,5,2,1,0,0
tr|A0A0E2ZJV3|A0A0E2ZJV3_FRATU,12,7,4,4,12,1,0,0,2,8,1,2,3,2,1,0,0
sp|P13299|TEV1_BPT4,12,6,2,1,5,0,0,0,6,2,2,0,3,1,1,0,0
sp|P9WK17|MASZ_MYCTU,20,15,12,9,13,2,6,6,15,10,5,0,9,0,1,0,0
sp|P9WPW9|MURI_MYCTU,9,3,3,3,5,3,3,0,4,4,1,2,3,0,2,0,0
sp|P9WQN9|A85C_MYCTU,12,6,2,5,9,3,5,1,3,3,3,1,3,1,0,0,0
tr|A0A0H3L8I8|A0A0H3L8I8_MYCTE,31,22,17,6,15,4,15,2,18,7,8,2,4,4,1,0,0
tr|A0A0E0UUG2|A0A0E0UUG2_LISMM,13,13,10,3,15,3,5,6,9,10,3,4,8,1,2,1,0
sp|O33983|AMI_LISMG,35,11,19,11,17,10,6,2,11,7,5,3,8,4,4,0,0
sp|P44324|ASPA_HAEIN,9,5,8,4,12,4,8,0,8,5,3,3,8,1,1,0,0
sp|P53647|SODM_MYCPA,9,1,3,1,5,2,0,0,3,5,1,1,1,2,0,0,0
tr|C4XEI3|C4XEI3_MYCFP,15,7,7,1,13,3,6,0,9,3,4,2,2,3,1,1,0
sp|P75391|ODPB_MYCPN,7,7,6,5,7,1,3,2,5,4,2,0,2,2,1,0,0
tr|Q4A9M4|Q4A9M4_MYCHJ,9,8,8,4,9,5,3,1,5,6,5,2,4,4,2,1,0
sp|A9M296|DNAK_NEIM0,33,9,8,5,9,5,1,2,19,2,3,3,4,3,1,0,0
tr|A0A125WDU3|A0A125WDU3_NEIME,3,1,0,0,2,0,1,1,3,2,4,0,1,1,0,1,0
tr|Q1J8I3|Q1J8I3_STRPF,11,6,5,5,5,3,2,1,7,3,3,1,1,1,2,1,0
tr|E6IYJ0|E6IYJ0_STRAP,3,7,1,2,3,3,1,1,5,3,5,2,0,0,2,0,0
tr|E6J203|E6J203_STRAP,8,5,6,2,3,0,4,0,10,0,0,0,1,1,1,1,0
tr|Q8DNW9|Q8DNW9_STRR6,11,17,10,5,13,0,10,1,11,7,2,1,11,3,3,0,0
sp|P0A4S2|ALF_STRR6,8,6,7,3,5,8,2,0,2,2,2,1,1,0,2,0,0
sp|A8AUR6|EFG_STRGC,23,15,7,5,14,5,10,0,12,6,3,4,5,3,2,1,0
sp|A8AWA0|EFTU_STRGC,10,8,9,2,11,1,4,1,7,3,3,1,5,0,0,1,0
tr|A0A0H2UNG6|A0A0H2UNG6_STRPN,11,8,7,9,5,3,7,0,15,3,2,1,6,1,1,0,0
tr|Q8E4T9|Q8E4T9_STRA3,64,19,21,9,13,8,7,3,23,5,5,3,9,2,1,0,0
sp|Q2YVT4|SLE1_STAAB,14,5,5,2,5,2,5,1,6,3,1,1,2,3,1,0,0
tr|Q9AIS0|Q9AIS0_9STAP,80,22,19,3,22,4,14,2,34,9,4,1,9,2,6,1,0
sp|Q9K498|EIZFM_STRCO,10,8,12,3,8,4,7,2,4,2,8,2,3,3,0,1,0
sp|P0AAI4|FTSH_SHIFL,30,9,10,5,5,5,6,4,10,7,3,2,4,2,0,5,0
sp|P54066|RL7A_METJA,0,4,5,2,1,0,1,0,2,1,1,2,0,0,0,0,0
sp|Q57872|DCDB_METJA,6,2,0,3,4,2,3,1,4,2,1,1,3,1,1,0,0
sp|B1YAL1|FBPAP_PYRNV,9,5,8,3,7,4,6,3,6,2,4,1,7,1,0,0,0
sp|Q9HI69|GLFT_THEAC,9,5,2,3,9,3,2,1,1,3,4,4,2,1,1,0,0
tr|Q5JFD7|Q5JFD7_THEKO,9,8,12,6,6,5,4,4,11,7,2,5,2,0,1,0,0
tr|Q5JFG7|Q5JFG7_THEKO,9,7,5,3,10,0,4,3,9,2,2,0,7,1,1,1,0
tr|Q7LX99|Q7LX99_SACS2,24,12,5,6,10,5,6,3,12,6,8,7,7,3,6,0,0
tr|B9VJ59|B9VJ59_9MONO,15,5,14,7,8,6,9,1,8,4,5,1,5,6,3,0,0